,company_name,member_id
0,Globex Corporation,907805
1,Massive Dynamic,292631
2,Soylent Corp,58753
3,Vehement Capital Partners,440774
4,Globex Corporation,635841
5,Vehement Capital Partners,554672
6,Globex Corporation,705754
7,Soylent Corp,406286
8,Initech,391509
9,Globex Corporation,34053
10,Massive Dynamic,206503
11,Globex Corporation,681160
12,Globex Corporation,755050
13,Hooli,469374
14,Vehement Capital Partners,368164
15,Initech,597555
16,Globex Corporation,840412
17,Vehement Capital Partners,216005
18,Umbrella Corporation,83365
19,Globex Corporation,798157
20,The Acme Corporation,858012
21,The Acme Corporation,587374
22,Globex Corporation,513593
23,Umbrella Corporation,137084
24,Vehement Capital Partners,43382
25,The Acme Corporation,526641
26,Vehement Capital Partners,971867
27,The Acme Corporation,791402
28,The Acme Corporation,542859
29,Hooli,651429
30,Vehement Capital Partners,616626
31,Vehement Capital Partners,255895
32,Hooli,680975
33,Massive Dynamic,146096
34,Globex Corporation,462624
35,Umbrella Corporation,640375
36,Hooli,657701
37,Umbrella Corporation,549712
38,Umbrella Corporation,320080
39,Massive Dynamic,685330
40,Vehement Capital Partners,146094
41,Soylent Corp,911080
42,Vehement Capital Partners,34013
43,Soylent Corp,375453
44,Globex Corporation,687490
45,Hooli,821264
46,The Acme Corporation,751050
47,Vehement Capital Partners,805678
48,Vehement Capital Partners,597957
49,Umbrella Corporation,476640
50,Hooli,686507
51,Hooli,602169
52,Vehement Capital Partners,154989
53,Hooli,514534
54,Umbrella Corporation,366697
55,Hooli,787164
56,Hooli,112949
57,The Acme Corporation,942817
58,The Acme Corporation,769578
59,The Acme Corporation,23530
60,Umbrella Corporation,243926
61,Globex Corporation,768348
62,Globex Corporation,41250
63,Hooli,736828
64,Hooli,898954
65,The Acme Corporation,877817
66,Umbrella Corporation,313180
67,The Acme Corporation,904068
68,Globex Corporation,551607
69,Hooli,972275
70,Globex Corporation,812128
71,Umbrella Corporation,336633
72,Umbrella Corporation,911902
73,Globex Corporation,757950
74,Umbrella Corporation,747362
75,Globex Corporation,464692
76,The Acme Corporation,897567
77,Vehement Capital Partners,85175
78,Soylent Corp,967300
79,The Acme Corporation,289335
80,The Acme Corporation,372112
81,Initech,472436
82,Hooli,412513
83,Hooli,41479
84,Globex Corporation,945555
85,Vehement Capital Partners,214173
86,Umbrella Corporation,397916
87,Globex Corporation,29388
88,Soylent Corp,216527
89,The Acme Corporation,409328
90,Globex Corporation,404684
91,Umbrella Corporation,860729
92,Initech,69913
93,Globex Corporation,283258
94,Hooli,697373
95,The Acme Corporation,380188
96,Soylent Corp,29649
97,Vehement Capital Partners,694807
98,Umbrella Corporation,52831
99,Massive Dynamic,324912
100,Globex Corporation,702242
101,Hooli,908761
102,The Acme Corporation,928755
103,Hooli,982009
104,Globex Corporation,483803
105,Globex Corporation,125815
106,Globex Corporation,818887
107,Umbrella Corporation,971700
108,Massive Dynamic,629588
109,Globex Corporation,937228
110,Globex Corporation,884658
111,Globex Corporation,61244
112,Globex Corporation,499255
113,Umbrella Corporation,264500
114,The Acme Corporation,442424
115,Hooli,892812
116,Hooli,122126
117,Hooli,4530
118,Vehement Capital Partners,828867
119,The Acme Corporation,121898
120,Globex Corporation,457595
121,Globex Corporation,229941
122,Umbrella Corporation,490578
123,Globex Corporation,445649
124,Globex Corporation,406258
125,Hooli,197249
126,Vehement Capital Partners,837878
127,Vehement Capital Partners,539953
128,Globex Corporation,896091
129,Globex Corporation,609653
130,Globex Corporation,79384
131,The Acme Corporation,2903
132,The Acme Corporation,152056
133,Globex Corporation,260131
134,The Acme Corporation,21887
135,Umbrella Corporation,14280
136,Hooli,669754
137,Massive Dynamic,890007
138,Hooli,701070
139,Globex Corporation,558861
140,Soylent Corp,910761
141,Hooli,561987
142,The Acme Corporation,385801
143,Vehement Capital Partners,306286
144,Soylent Corp,518851
145,Globex Corporation,562641
146,Globex Corporation,849478
147,Globex Corporation,836600
148,Massive Dynamic,389506
149,Globex Corporation,984674
150,The Acme Corporation,591038
151,The Acme Corporation,168979
152,Initech,969217
153,Hooli,205923
154,The Acme Corporation,652087
155,Initech,334747
156,Hooli,19096
157,Vehement Capital Partners,766225
158,Soylent Corp,826285
159,Soylent Corp,119511
160,Vehement Capital Partners,243219
161,Massive Dynamic,169687
162,Hooli,588307
163,Globex Corporation,594323
164,Vehement Capital Partners,570088
165,Umbrella Corporation,286764
166,Globex Corporation,104129
167,Ozzie Mandrill Enterprise,153830
168,Initech,688577
169,Vehement Capital Partners,388275
170,Vehement Capital Partners,921310
171,Vehement Capital Partners,235495
172,Vehement Capital Partners,118014
173,Umbrella Corporation,247111
174,Initech,339405
175,Globex Corporation,802371
176,Massive Dynamic,570021
177,Globex Corporation,114621
178,Vehement Capital Partners,257378
179,Umbrella Corporation,973708
180,Globex Corporation,75041
181,Soylent Corp,483294
182,Massive Dynamic,379179
183,Globex Corporation,5048
184,Soylent Corp,204069
185,The Acme Corporation,383434
186,Soylent Corp,293646
187,Globex Corporation,64857
188,Globex Corporation,696514
189,Umbrella Corporation,750423
190,Umbrella Corporation,570138
191,Initech,541572
192,Massive Dynamic,2929
193,Globex Corporation,302461
194,Massive Dynamic,21970
195,Umbrella Corporation,976339
196,Hooli,195120
197,Vehement Capital Partners,799945
198,Soylent Corp,256601
199,Hooli,55922
200,Globex Corporation,687314
201,The Acme Corporation,620839
202,Massive Dynamic,489496
203,Umbrella Corporation,145075
204,The Acme Corporation,972384
205,Massive Dynamic,371312
206,Hooli,455651
207,Globex Corporation,118753
208,Vehement Capital Partners,59793
209,Hooli,183430
210,Globex Corporation,705286
211,Hooli,730206
212,Globex Corporation,896368
213,The Acme Corporation,220435
214,Globex Corporation,409098
215,Hooli,492909
216,The Acme Corporation,788183
217,Umbrella Corporation,939887
218,The Acme Corporation,747334
219,Hooli,213791
220,Globex Corporation,823306
221,Vehement Capital Partners,562533
222,Globex Corporation,970504
223,The Acme Corporation,388999
224,Initech,822684
225,Ozzie Mandrill Enterprise,738033
226,Umbrella Corporation,802849
227,Globex Corporation,975383
228,The Acme Corporation,256804
229,Vehement Capital Partners,7057
230,The Acme Corporation,631765
231,The Acme Corporation,108065
232,The Acme Corporation,963698
233,Globex Corporation,297551
234,Hooli,338004
235,Globex Corporation,179111
236,Globex Corporation,58541
237,Soylent Corp,937094
238,Vehement Capital Partners,842389
239,Umbrella Corporation,828384
240,The Acme Corporation,382322
241,Initech,413935
242,Hooli,559291
243,Globex Corporation,984505
244,Hooli,550719
245,Vehement Capital Partners,481986
246,Umbrella Corporation,59291
247,Umbrella Corporation,804890
248,Globex Corporation,79580
249,Globex Corporation,914048
250,Vehement Capital Partners,425075
251,Umbrella Corporation,334137
252,Globex Corporation,901803
253,Globex Corporation,454973
254,Umbrella Corporation,62077
255,Umbrella Corporation,921529
256,Umbrella Corporation,103427
257,Vehement Capital Partners,113903
258,Globex Corporation,485946
259,Globex Corporation,880173
260,Soylent Corp,288006
261,The Acme Corporation,91441
262,Globex Corporation,292246
263,Ozzie Mandrill Enterprise,267514
264,The Acme Corporation,931018
265,Vehement Capital Partners,329226
266,Vehement Capital Partners,579873
267,Hooli,917137
268,Initech,789154
269,Soylent Corp,29687
270,Ozzie Mandrill Enterprise,865316
271,Globex Corporation,888735
272,Globex Corporation,335924
273,Umbrella Corporation,394527
274,Hooli,471874
275,Globex Corporation,144742
276,The Acme Corporation,356396
277,Hooli,286491
278,Umbrella Corporation,56803
279,Hooli,565565
280,Globex Corporation,964475
281,Globex Corporation,121977
282,Hooli,544239
283,Globex Corporation,210798
284,The Acme Corporation,955494
285,Soylent Corp,31659
286,Vehement Capital Partners,388119
287,Globex Corporation,313857
288,Globex Corporation,399034
289,Soylent Corp,20207
290,Vehement Capital Partners,162344
291,Hooli,354038
292,Soylent Corp,976108
293,Umbrella Corporation,324541
294,Vehement Capital Partners,236650
295,Umbrella Corporation,307830
296,Globex Corporation,37392
297,Globex Corporation,297779
298,Hooli,30682
299,Soylent Corp,291325
300,Umbrella Corporation,292542
301,Globex Corporation,376371
302,Umbrella Corporation,389836
303,The Acme Corporation,878671
304,The Acme Corporation,334575
305,The Acme Corporation,919452
306,Globex Corporation,396605
307,Umbrella Corporation,636998
308,Soylent Corp,555285
309,Umbrella Corporation,364392
310,Globex Corporation,838517
311,Vehement Capital Partners,734844
312,The Acme Corporation,644314
313,Globex Corporation,669518
314,Umbrella Corporation,518289
315,Hooli,234329
316,Umbrella Corporation,632970
317,Massive Dynamic,188663
318,Soylent Corp,259127
319,Globex Corporation,110357
320,The Acme Corporation,896767
321,Massive Dynamic,237865
322,The Acme Corporation,879250
323,Globex Corporation,359151
324,Globex Corporation,137772
325,Vehement Capital Partners,27981
326,Globex Corporation,411260
327,The Acme Corporation,90392
328,Globex Corporation,711380
329,Hooli,188909
330,Globex Corporation,21107
331,Globex Corporation,495873
332,Globex Corporation,959465
333,Globex Corporation,164975
334,Soylent Corp,812113
335,The Acme Corporation,459832
336,Hooli,463153
337,Globex Corporation,115442
338,The Acme Corporation,423734
339,The Acme Corporation,313220
340,Globex Corporation,48744
341,Vehement Capital Partners,759707
342,The Acme Corporation,786933
343,Globex Corporation,745152
344,Umbrella Corporation,462379
345,Globex Corporation,662332
346,Umbrella Corporation,61580
347,The Acme Corporation,617712
348,Globex Corporation,543888
349,Vehement Capital Partners,885787
350,Globex Corporation,352727
351,Umbrella Corporation,318549
352,Massive Dynamic,188463
353,Globex Corporation,113122
354,Globex Corporation,575791
355,The Acme Corporation,401999
356,The Acme Corporation,413483
357,Umbrella Corporation,472041
358,Hooli,624229
359,Globex Corporation,61123
360,Umbrella Corporation,850316
361,Globex Corporation,711952
362,Vehement Capital Partners,682526
363,Globex Corporation,155491
364,Globex Corporation,619807
365,Umbrella Corporation,126281
366,Initech,874425
367,Globex Corporation,804091
368,Hooli,908378
369,Soylent Corp,497402
370,The Acme Corporation,908529
371,Hooli,38157
372,The Acme Corporation,925377
373,The Acme Corporation,802823
374,Soylent Corp,606436
375,Globex Corporation,38268
376,Umbrella Corporation,472644
377,Initech,819876
378,Umbrella Corporation,1696
379,Globex Corporation,111129
380,The Acme Corporation,327621
381,Soylent Corp,867664
382,Globex Corporation,643512
383,Initech,824240
384,Hooli,435603
385,Vehement Capital Partners,514719
386,Umbrella Corporation,245233
387,Globex Corporation,344098
388,Umbrella Corporation,199367
389,The Acme Corporation,995093
390,Globex Corporation,862891
391,Hooli,250368
392,Globex Corporation,981123
393,Hooli,707808
394,Globex Corporation,652059
395,Soylent Corp,449435
396,Globex Corporation,956381
397,Massive Dynamic,702100
398,Globex Corporation,897365
399,Massive Dynamic,455323
400,The Acme Corporation,424527
401,Hooli,876847
402,Initech,863872
403,Globex Corporation,252402
404,Vehement Capital Partners,761739
405,Vehement Capital Partners,149773
406,Globex Corporation,499799
407,The Acme Corporation,422518
408,Globex Corporation,790573
409,Globex Corporation,532546
410,The Acme Corporation,566277
411,Initech,805549
412,Hooli,257478
413,The Acme Corporation,815898
414,The Acme Corporation,470772
415,Globex Corporation,781442
416,Soylent Corp,934110
417,Ozzie Mandrill Enterprise,473729
418,Hooli,484678
419,Globex Corporation,884967
420,Vehement Capital Partners,944126
421,Soylent Corp,439565
422,Vehement Capital Partners,843308
423,Vehement Capital Partners,974610
424,Globex Corporation,621429
425,Umbrella Corporation,308076
426,Globex Corporation,178299
427,Globex Corporation,381385
428,Globex Corporation,731924
429,Umbrella Corporation,388571
430,Umbrella Corporation,685300
431,Hooli,826679
432,The Acme Corporation,985749
433,Umbrella Corporation,653631
434,The Acme Corporation,278818
435,Initech,54321
436,Umbrella Corporation,983952
437,Soylent Corp,503549
438,Globex Corporation,576756
439,Globex Corporation,24205
440,Umbrella Corporation,949853
441,Globex Corporation,876856
442,Globex Corporation,711927
443,Massive Dynamic,558148
444,Vehement Capital Partners,760976
445,Globex Corporation,428018
446,Hooli,899585
447,Globex Corporation,764336
448,Hooli,354081
449,The Acme Corporation,309495
450,Globex Corporation,668845
451,Globex Corporation,566837
452,Globex Corporation,951100
453,Globex Corporation,273384
454,Umbrella Corporation,461394
455,Umbrella Corporation,526321
456,Hooli,160783
457,The Acme Corporation,536316
458,Vehement Capital Partners,750431
459,Vehement Capital Partners,76542
460,Hooli,760437
461,Ozzie Mandrill Enterprise,569523
462,Vehement Capital Partners,100337
463,Hooli,559705
464,Globex Corporation,500293
465,Vehement Capital Partners,26460
466,Vehement Capital Partners,480038
467,Globex Corporation,166374
468,Hooli,234966
469,Soylent Corp,75286
470,Vehement Capital Partners,62363
471,Massive Dynamic,914885
472,Vehement Capital Partners,182953
473,Umbrella Corporation,501316
474,Hooli,687169
475,Globex Corporation,628229
476,Hooli,858188
477,Umbrella Corporation,225565
478,Hooli,213149
479,Umbrella Corporation,164437
480,Umbrella Corporation,239441
481,Hooli,196188
482,Hooli,286614
483,Vehement Capital Partners,970658
484,Umbrella Corporation,825831
485,Umbrella Corporation,156724
486,Globex Corporation,827276
487,Vehement Capital Partners,792641
488,Vehement Capital Partners,51137
489,Globex Corporation,389606
490,Globex Corporation,408971
491,Soylent Corp,496797
492,Globex Corporation,726821
493,Massive Dynamic,34761
494,The Acme Corporation,546456
495,The Acme Corporation,948209
496,Globex Corporation,910483
497,Vehement Capital Partners,204802
498,The Acme Corporation,895624
499,Umbrella Corporation,346346
500,Globex Corporation,222551
501,Globex Corporation,855098
502,Globex Corporation,131168
503,Soylent Corp,986058
504,The Acme Corporation,912841
505,Globex Corporation,410535
506,Initech,48795
507,Hooli,166273
508,Massive Dynamic,884538
509,Massive Dynamic,733897
510,Hooli,602007
511,Massive Dynamic,333334
512,Hooli,438103
513,Umbrella Corporation,463483
514,Globex Corporation,15844
515,Ozzie Mandrill Enterprise,804416
516,Umbrella Corporation,111790
517,Globex Corporation,401610
518,Globex Corporation,825063
519,Globex Corporation,444929
520,Globex Corporation,705615
521,The Acme Corporation,15876
522,The Acme Corporation,721630
523,Globex Corporation,441593
524,Umbrella Corporation,66678
525,Hooli,530294
526,Hooli,570823
527,Globex Corporation,912561
528,Globex Corporation,431326
529,Umbrella Corporation,983746
530,Globex Corporation,675021
531,Vehement Capital Partners,89745
532,The Acme Corporation,296521
533,Umbrella Corporation,266932
534,Globex Corporation,18073
535,Umbrella Corporation,481891
536,Hooli,683990
537,The Acme Corporation,26470
538,Initech,576984
539,Umbrella Corporation,976578
540,The Acme Corporation,557266
541,Umbrella Corporation,807995
542,Ozzie Mandrill Enterprise,557264
543,The Acme Corporation,926854
544,Hooli,308197
545,Vehement Capital Partners,869589
546,Umbrella Corporation,165708
547,Globex Corporation,310000
548,Umbrella Corporation,535298
549,Hooli,807241
550,The Acme Corporation,488781
551,Umbrella Corporation,22937
552,Hooli,14979
553,Soylent Corp,712986
554,Vehement Capital Partners,361943
555,Umbrella Corporation,983215
556,Initech,619855
557,The Acme Corporation,860001
558,Soylent Corp,863818
559,Hooli,202174
560,Umbrella Corporation,178566
561,Massive Dynamic,769809
562,Globex Corporation,976580
563,Globex Corporation,644099
564,Umbrella Corporation,49550
565,Hooli,64278
566,The Acme Corporation,151621
567,Massive Dynamic,50797
568,Globex Corporation,338045
569,Globex Corporation,200514
570,Globex Corporation,244836
571,Umbrella Corporation,874576
572,Hooli,965938
573,Initech,536144
574,Vehement Capital Partners,754646
575,The Acme Corporation,189237
576,Hooli,975180
577,Umbrella Corporation,404764
578,Globex Corporation,783931
579,Hooli,725052
580,Massive Dynamic,145661
581,Hooli,24107
582,Vehement Capital Partners,428328
583,Vehement Capital Partners,355749
584,Umbrella Corporation,709573
585,Globex Corporation,955954
586,Umbrella Corporation,616065
587,Umbrella Corporation,885826
588,Soylent Corp,168671
589,Globex Corporation,551483
590,Massive Dynamic,87092
591,Soylent Corp,414031
592,Vehement Capital Partners,962039
593,Massive Dynamic,379484
594,The Acme Corporation,992371
595,Globex Corporation,774527
596,Umbrella Corporation,31318
597,Vehement Capital Partners,974624
598,Globex Corporation,839051
599,Massive Dynamic,491272
600,Initech,377485
601,The Acme Corporation,841296
602,Soylent Corp,929904
603,Hooli,1282
604,Massive Dynamic,517885
605,Umbrella Corporation,197443
606,The Acme Corporation,624938
607,Globex Corporation,957681
608,Umbrella Corporation,484205
609,Umbrella Corporation,917675
610,Umbrella Corporation,174705
611,Hooli,428061
612,Hooli,998402
613,Globex Corporation,129819
614,Globex Corporation,443893
615,Hooli,954475
616,Globex Corporation,799986
617,Hooli,483492
618,The Acme Corporation,609791
619,Umbrella Corporation,594674
620,Umbrella Corporation,619808
621,Vehement Capital Partners,578427
622,Globex Corporation,604092
623,Hooli,55428
624,Massive Dynamic,64370
625,The Acme Corporation,272805
626,Globex Corporation,631619
627,Hooli,712827
628,Globex Corporation,432090
629,Massive Dynamic,769996
630,Globex Corporation,611626
631,Globex Corporation,886311
632,Globex Corporation,526175
633,Globex Corporation,178454
634,Umbrella Corporation,136305
635,Soylent Corp,130023
636,Ozzie Mandrill Enterprise,743481
637,Massive Dynamic,700248
638,Vehement Capital Partners,267775
639,Soylent Corp,116385
640,Massive Dynamic,870289
641,Globex Corporation,147958
642,Globex Corporation,370091
643,Hooli,688692
644,Umbrella Corporation,211545
645,Globex Corporation,426490
646,The Acme Corporation,193496
647,Globex Corporation,920914
648,Initech,66023
649,Globex Corporation,791721
650,The Acme Corporation,108264
651,Umbrella Corporation,836211
652,Hooli,339749
653,Umbrella Corporation,205481
654,Globex Corporation,397299
655,The Acme Corporation,338186
656,Umbrella Corporation,38462
657,Massive Dynamic,73849
658,Globex Corporation,743315
659,Umbrella Corporation,14008
660,The Acme Corporation,339753
661,Vehement Capital Partners,796980
662,Umbrella Corporation,845668
663,Globex Corporation,166102
664,Massive Dynamic,844920
665,Umbrella Corporation,453276
666,Globex Corporation,479851
667,The Acme Corporation,801159
668,Globex Corporation,657499
669,The Acme Corporation,990078
670,Soylent Corp,713164
671,Globex Corporation,480260
672,Soylent Corp,310429
673,Soylent Corp,398442
674,Initech,169684
675,Soylent Corp,998694
676,Soylent Corp,280421
677,Hooli,431247
678,Globex Corporation,84547
679,Globex Corporation,74092
680,Umbrella Corporation,860921
681,Globex Corporation,432702
682,Umbrella Corporation,65120
683,Umbrella Corporation,608075
684,Initech,84769
685,Globex Corporation,883497
686,The Acme Corporation,578439
687,Massive Dynamic,306836
688,Hooli,720906
689,Initech,486628
690,Globex Corporation,124621
691,Soylent Corp,93401
692,Umbrella Corporation,926186
693,Vehement Capital Partners,466268
694,Soylent Corp,859640
695,Initech,835024
696,Hooli,359482
697,Vehement Capital Partners,412993
698,Globex Corporation,266724
699,Umbrella Corporation,515165
700,Soylent Corp,391088
701,Soylent Corp,815714
702,The Acme Corporation,820908
703,Globex Corporation,401982
704,Initech,202017
705,The Acme Corporation,449171
706,Massive Dynamic,463240
707,Globex Corporation,357047
708,Umbrella Corporation,37309
709,Globex Corporation,256101
710,Umbrella Corporation,509005
711,Globex Corporation,613156
712,The Acme Corporation,318190
713,The Acme Corporation,677785
714,Globex Corporation,36802
715,Umbrella Corporation,399430
716,The Acme Corporation,465490
717,The Acme Corporation,909509
718,Globex Corporation,230231
719,Massive Dynamic,839235
720,Umbrella Corporation,774006
721,The Acme Corporation,714146
722,Globex Corporation,696477
723,The Acme Corporation,288667
724,Vehement Capital Partners,266054
725,Globex Corporation,192355
726,Globex Corporation,610074
727,Umbrella Corporation,950577
728,The Acme Corporation,152776
729,Umbrella Corporation,469560
730,Globex Corporation,403278
731,Vehement Capital Partners,372927
732,Soylent Corp,514326
733,Vehement Capital Partners,119552
734,Globex Corporation,557017
735,The Acme Corporation,497728
736,Soylent Corp,919173
737,Soylent Corp,793961
738,Initech,605316
739,Globex Corporation,265436
740,Globex Corporation,118507
741,Globex Corporation,496063
742,Umbrella Corporation,352051
743,Vehement Capital Partners,339632
744,Globex Corporation,54581
745,Initech,372389
746,Massive Dynamic,349095
747,The Acme Corporation,520595
748,Hooli,398485
749,Umbrella Corporation,111880
750,Umbrella Corporation,172532
751,Soylent Corp,487279
752,Umbrella Corporation,599792
753,Hooli,43711
754,Vehement Capital Partners,594925
755,Umbrella Corporation,560506
756,Ozzie Mandrill Enterprise,470358
757,Globex Corporation,524058
758,Umbrella Corporation,750968
759,The Acme Corporation,646787
760,Soylent Corp,825988
761,Vehement Capital Partners,128188
762,Globex Corporation,85022
763,Globex Corporation,495291
764,Initech,763478
765,Vehement Capital Partners,13863
766,The Acme Corporation,428566
767,Initech,362303
768,Soylent Corp,181632
769,Massive Dynamic,133754
770,Massive Dynamic,783573
771,Vehement Capital Partners,627455
772,Hooli,88392
773,The Acme Corporation,874710
774,Hooli,554154
775,Vehement Capital Partners,915684
776,Soylent Corp,176974
777,Globex Corporation,971933
778,Vehement Capital Partners,415741
779,Soylent Corp,287579
780,Soylent Corp,567791
781,The Acme Corporation,313131
782,Globex Corporation,490355
783,Globex Corporation,235258
784,Hooli,47839
785,Globex Corporation,995963
786,The Acme Corporation,958435
787,Vehement Capital Partners,197244
788,Globex Corporation,538588
789,Globex Corporation,547888
790,Globex Corporation,303445
791,Vehement Capital Partners,218397
792,Globex Corporation,289886
793,Globex Corporation,757649
794,The Acme Corporation,837406
795,Umbrella Corporation,730329
796,Umbrella Corporation,255077
797,Hooli,341980
798,Globex Corporation,302353
799,Hooli,462050
800,Globex Corporation,616277
801,The Acme Corporation,236600
802,Initech,55921
803,Hooli,722810
804,Umbrella Corporation,151005
805,Umbrella Corporation,786162
806,Umbrella Corporation,771026
807,Umbrella Corporation,424230
808,Massive Dynamic,94260
809,Soylent Corp,108596
810,Globex Corporation,979782
811,Vehement Capital Partners,488398
812,Massive Dynamic,294888
813,Globex Corporation,166519
814,Ozzie Mandrill Enterprise,569373
815,Globex Corporation,560047
816,Globex Corporation,637035
817,Globex Corporation,102517
818,The Acme Corporation,390491
819,Umbrella Corporation,242630
820,Massive Dynamic,482202
821,Initech,787380
822,Vehement Capital Partners,374433
823,Vehement Capital Partners,106528
824,Initech,747790
825,Umbrella Corporation,707484
826,Hooli,346529
827,Umbrella Corporation,934221
828,Globex Corporation,779025
829,Hooli,92080
830,Vehement Capital Partners,237838
831,Massive Dynamic,965434
832,The Acme Corporation,234492
833,Vehement Capital Partners,321632
834,The Acme Corporation,475956
835,Globex Corporation,777222
836,The Acme Corporation,886540
837,Umbrella Corporation,49572
838,Umbrella Corporation,789051
839,Globex Corporation,950308
840,Umbrella Corporation,517522
841,Umbrella Corporation,58875
842,Umbrella Corporation,491552
843,Vehement Capital Partners,514507
844,Umbrella Corporation,747190
845,Umbrella Corporation,325681
846,The Acme Corporation,139140
847,Globex Corporation,396235
848,Ozzie Mandrill Enterprise,712658
849,Vehement Capital Partners,935030
850,Massive Dynamic,307812
851,The Acme Corporation,412493
852,Globex Corporation,554925
853,Globex Corporation,822424
854,Globex Corporation,570014
855,Globex Corporation,673976
856,The Acme Corporation,562367
857,Soylent Corp,736733
858,Globex Corporation,911344
859,Vehement Capital Partners,231442
860,Hooli,801863
861,Globex Corporation,236614
862,Vehement Capital Partners,562185
863,Soylent Corp,710897
864,Hooli,994466
865,The Acme Corporation,248818
866,Globex Corporation,431703
867,Massive Dynamic,605523
868,Globex Corporation,289470
869,Vehement Capital Partners,949099
870,Globex Corporation,334101
871,Soylent Corp,30932
872,The Acme Corporation,188765
873,The Acme Corporation,539645
874,The Acme Corporation,537432
875,Soylent Corp,778325
876,Vehement Capital Partners,622395
877,The Acme Corporation,870244
878,The Acme Corporation,80017
879,Globex Corporation,805070
880,Vehement Capital Partners,365684
881,Vehement Capital Partners,398010
882,Globex Corporation,75987
883,Globex Corporation,40537
884,Umbrella Corporation,15035
885,Hooli,654966
886,The Acme Corporation,904475
887,Globex Corporation,446270
888,Hooli,774337
889,Vehement Capital Partners,18424
890,Globex Corporation,934324
891,Hooli,104493
892,Hooli,322631
893,Globex Corporation,723369
894,The Acme Corporation,841683
895,Vehement Capital Partners,752508
896,Globex Corporation,580366
897,Ozzie Mandrill Enterprise,785805
898,The Acme Corporation,545370
899,The Acme Corporation,386964
900,The Acme Corporation,717519
901,Umbrella Corporation,567550
902,Umbrella Corporation,517227
903,Umbrella Corporation,44265
904,Globex Corporation,276585
905,Hooli,968902
906,Massive Dynamic,83767
907,Umbrella Corporation,72807
908,Globex Corporation,127166
909,The Acme Corporation,537696
910,Umbrella Corporation,225218
911,The Acme Corporation,370283
912,Umbrella Corporation,408360
913,Hooli,427673
914,Massive Dynamic,332442
915,Initech,190332
916,Globex Corporation,839388
917,The Acme Corporation,4341
918,Umbrella Corporation,195694
919,Globex Corporation,392798
920,Hooli,767582
921,Umbrella Corporation,45624
922,Umbrella Corporation,130618
923,Hooli,319301
924,Umbrella Corporation,611851
925,Massive Dynamic,298228
926,Vehement Capital Partners,446629
927,Globex Corporation,743346
928,Globex Corporation,781273
929,Globex Corporation,488713
930,The Acme Corporation,835878
931,Initech,988613
932,The Acme Corporation,969598
933,Initech,242661
934,Umbrella Corporation,319453
935,Umbrella Corporation,869381
936,Umbrella Corporation,379273
937,Globex Corporation,511008
938,Umbrella Corporation,117740
939,Initech,892802
940,Vehement Capital Partners,996308
941,Globex Corporation,370236
942,Globex Corporation,243047
943,Globex Corporation,526167
944,Hooli,932402
945,The Acme Corporation,98550
946,Globex Corporation,563767
947,The Acme Corporation,179564
948,Globex Corporation,485250
949,Hooli,105450
950,Hooli,260706
951,Umbrella Corporation,180330
952,The Acme Corporation,464307
953,Hooli,779457
954,Hooli,950937
955,The Acme Corporation,210821
956,Hooli,160928
957,Globex Corporation,665102
958,Globex Corporation,572291
959,Globex Corporation,765347
960,Soylent Corp,663956
961,Umbrella Corporation,612482
962,Vehement Capital Partners,254709
963,Umbrella Corporation,959374
964,Umbrella Corporation,915512
965,Umbrella Corporation,463199
966,Vehement Capital Partners,280585
967,Vehement Capital Partners,300177
968,Globex Corporation,26991
969,Globex Corporation,698437
970,Hooli,180626
971,Vehement Capital Partners,870896
972,Massive Dynamic,267162
973,Globex Corporation,731570
974,Globex Corporation,918814
975,The Acme Corporation,149246
976,Vehement Capital Partners,426128
977,The Acme Corporation,622624
978,Massive Dynamic,22307
979,Soylent Corp,309466
980,Umbrella Corporation,464882
981,Umbrella Corporation,719494
982,Globex Corporation,581218
983,Vehement Capital Partners,390226
984,Vehement Capital Partners,381699
985,Globex Corporation,561950
986,Vehement Capital Partners,933008
987,Vehement Capital Partners,645454
988,Globex Corporation,698039
989,Globex Corporation,494443
990,The Acme Corporation,656707
991,Hooli,287337
992,Soylent Corp,9224
993,Globex Corporation,343049
994,Vehement Capital Partners,312401
995,Umbrella Corporation,876008
996,Umbrella Corporation,63852
997,Globex Corporation,647454
998,Umbrella Corporation,235090
999,Umbrella Corporation,875270
1000,Vehement Capital Partners,211757
1001,Umbrella Corporation,871964
1002,Globex Corporation,218391
1003,Soylent Corp,567605
1004,Umbrella Corporation,377457
1005,Globex Corporation,168282
1006,Soylent Corp,335549
1007,Massive Dynamic,654919
1008,The Acme Corporation,988390
1009,Ozzie Mandrill Enterprise,397144
1010,Globex Corporation,375041
1011,The Acme Corporation,410177
1012,The Acme Corporation,275444
1013,Globex Corporation,946909
1014,Globex Corporation,437477
1015,Hooli,171022
1016,Massive Dynamic,842526
1017,Globex Corporation,391627
1018,Hooli,584151
1019,Hooli,399766
1020,Umbrella Corporation,210254
1021,Globex Corporation,188692
1022,Soylent Corp,259018
1023,Massive Dynamic,85911
1024,The Acme Corporation,12510
1025,Globex Corporation,61776
1026,The Acme Corporation,620012
1027,Hooli,774663
1028,The Acme Corporation,577613
1029,Umbrella Corporation,625706
1030,Globex Corporation,325149
1031,Hooli,672220
1032,Globex Corporation,213934
1033,The Acme Corporation,675081
1034,Umbrella Corporation,277477
1035,Initech,826913
1036,Globex Corporation,633718
1037,Hooli,889658
1038,The Acme Corporation,190366
1039,Umbrella Corporation,733002
1040,Umbrella Corporation,175141
1041,The Acme Corporation,52719
1042,Vehement Capital Partners,661431
1043,Globex Corporation,943956
1044,Globex Corporation,538305
1045,Umbrella Corporation,225324
1046,Globex Corporation,551979
1047,The Acme Corporation,759000
1048,Hooli,994256
1049,Umbrella Corporation,777777
1050,Hooli,62436
1051,Umbrella Corporation,137468
1052,Umbrella Corporation,743566
1053,Umbrella Corporation,949539
1054,Globex Corporation,484365
1055,The Acme Corporation,907562
1056,The Acme Corporation,880122
1057,The Acme Corporation,707431
1058,Umbrella Corporation,692171
1059,Umbrella Corporation,633231
1060,Globex Corporation,11491
1061,Initech,647958
1062,Soylent Corp,480253
1063,Globex Corporation,440036
1064,Vehement Capital Partners,558470
1065,Initech,508525
1066,Hooli,60631
1067,The Acme Corporation,810024
1068,Soylent Corp,92244
1069,Globex Corporation,495697
1070,Umbrella Corporation,850666
1071,Massive Dynamic,888993
1072,Vehement Capital Partners,888332
1073,Massive Dynamic,413576
1074,The Acme Corporation,175123
1075,Globex Corporation,637324
1076,Globex Corporation,423435
1077,Umbrella Corporation,5614
1078,Vehement Capital Partners,3376
1079,The Acme Corporation,324570
1080,Hooli,88486
1081,Hooli,771716
1082,The Acme Corporation,62025
1083,The Acme Corporation,927080
1084,Umbrella Corporation,720484
1085,Globex Corporation,281479
1086,Globex Corporation,809780
1087,The Acme Corporation,25565
1088,Globex Corporation,225768
1089,Massive Dynamic,660631
1090,The Acme Corporation,770007
1091,The Acme Corporation,140924
1092,Hooli,50735
1093,Massive Dynamic,878917
1094,Hooli,678100
1095,Vehement Capital Partners,823051
1096,Globex Corporation,998214
1097,Massive Dynamic,578574
1098,Umbrella Corporation,105470
1099,Vehement Capital Partners,156436
1100,Globex Corporation,975827
1101,Globex Corporation,551666
1102,Globex Corporation,342361
1103,Umbrella Corporation,82414
1104,Vehement Capital Partners,294403
1105,Initech,255986
1106,Hooli,233530
1107,Ozzie Mandrill Enterprise,728881
1108,Umbrella Corporation,852392
1109,Umbrella Corporation,367819
1110,Soylent Corp,47038
1111,Globex Corporation,69706
1112,Globex Corporation,830979
1113,Umbrella Corporation,135559
1114,Globex Corporation,367359
1115,Globex Corporation,323638
1116,Initech,192195
1117,Umbrella Corporation,894403
1118,Umbrella Corporation,607297
1119,Globex Corporation,891215
1120,Hooli,511741
1121,Umbrella Corporation,695597
1122,Initech,498553
1123,Globex Corporation,827455
1124,Globex Corporation,286595
1125,Massive Dynamic,325355
1126,The Acme Corporation,377340
1127,Umbrella Corporation,729854
1128,The Acme Corporation,670441
1129,Globex Corporation,875022
1130,Globex Corporation,883416
1131,Globex Corporation,244567
1132,Globex Corporation,631189
1133,Globex Corporation,773672
1134,Vehement Capital Partners,919165
1135,Umbrella Corporation,39463
1136,Hooli,587998
1137,Hooli,702528
1138,Globex Corporation,36046
1139,The Acme Corporation,803240
1140,Vehement Capital Partners,264587
1141,Umbrella Corporation,901006
1142,Umbrella Corporation,108126
1143,Vehement Capital Partners,63625
1144,Vehement Capital Partners,785254
1145,Hooli,160894
1146,Globex Corporation,657847
1147,Globex Corporation,864065
1148,Umbrella Corporation,150504
1149,Hooli,849395
1150,Globex Corporation,249937
1151,Globex Corporation,977039
1152,Vehement Capital Partners,21661
1153,Umbrella Corporation,426342
1154,Umbrella Corporation,275075
1155,The Acme Corporation,962333
1156,Globex Corporation,658283
1157,Vehement Capital Partners,705061
1158,Globex Corporation,642360
1159,Hooli,163410
1160,Vehement Capital Partners,483467
1161,Globex Corporation,355791
1162,The Acme Corporation,459971
1163,The Acme Corporation,848589
1164,Umbrella Corporation,971269
1165,The Acme Corporation,10819
1166,Soylent Corp,947164
1167,Globex Corporation,33652
1168,Umbrella Corporation,438931
1169,Hooli,162284
1170,Soylent Corp,852245
1171,Globex Corporation,51218
1172,Globex Corporation,244273
1173,The Acme Corporation,616694
1174,Ozzie Mandrill Enterprise,24536
1175,Umbrella Corporation,657990
1176,Umbrella Corporation,28858
1177,Hooli,974492
1178,Globex Corporation,197560
1179,Hooli,593923
1180,Hooli,88468
1181,Umbrella Corporation,114581
1182,Hooli,946732
1183,Massive Dynamic,681667
1184,Hooli,538232
1185,Soylent Corp,83106
1186,The Acme Corporation,391066
1187,Umbrella Corporation,878993
1188,Globex Corporation,946038
1189,The Acme Corporation,142470
1190,Globex Corporation,903203
1191,Globex Corporation,547061
1192,Soylent Corp,711861
1193,Globex Corporation,899055
1194,Soylent Corp,736770
1195,Globex Corporation,187571
1196,Vehement Capital Partners,49238
1197,Vehement Capital Partners,948891
1198,Massive Dynamic,537314
1199,Soylent Corp,800922
1200,Globex Corporation,507976
1201,Globex Corporation,541478
1202,Globex Corporation,550187
1203,Hooli,244623
1204,Hooli,227953
1205,Massive Dynamic,333355
1206,Umbrella Corporation,537703
1207,Initech,777140
1208,Vehement Capital Partners,576373
1209,Umbrella Corporation,558197
1210,Umbrella Corporation,876969
1211,Hooli,335469
1212,Vehement Capital Partners,77353
1213,The Acme Corporation,843936
1214,Globex Corporation,338511
1215,The Acme Corporation,208955
1216,Umbrella Corporation,982797
1217,Globex Corporation,345377
1218,Umbrella Corporation,669846
1219,Umbrella Corporation,931219
1220,Massive Dynamic,838129
1221,Globex Corporation,398675
1222,Globex Corporation,858412
1223,The Acme Corporation,339692
1224,The Acme Corporation,828635
1225,Globex Corporation,804013
1226,Umbrella Corporation,211988
1227,Hooli,559566
1228,Umbrella Corporation,391775
1229,Umbrella Corporation,604496
1230,Globex Corporation,978425
1231,Globex Corporation,656882
1232,The Acme Corporation,700019
1233,Globex Corporation,523049
1234,Soylent Corp,638484
1235,Globex Corporation,552077
1236,Globex Corporation,117322
1237,Globex Corporation,421185
1238,The Acme Corporation,913277
1239,Vehement Capital Partners,208968
1240,Umbrella Corporation,55297
1241,Globex Corporation,424546
1242,Massive Dynamic,313643
1243,Globex Corporation,176723
1244,Hooli,972986
1245,Umbrella Corporation,135790
1246,Globex Corporation,261155
1247,Soylent Corp,58204
1248,Massive Dynamic,434409
1249,Initech,468681
1250,The Acme Corporation,642350
1251,Umbrella Corporation,14805
1252,Globex Corporation,623607
1253,Globex Corporation,985959
1254,Initech,460459
1255,Vehement Capital Partners,302265
1256,Hooli,199995
1257,Hooli,482867
1258,The Acme Corporation,723885
1259,Initech,517112
1260,Hooli,167387
1261,Hooli,395918
1262,Soylent Corp,963773
1263,The Acme Corporation,786006
1264,Globex Corporation,993812
1265,Umbrella Corporation,506382
1266,Ozzie Mandrill Enterprise,213233
1267,Globex Corporation,596080
1268,The Acme Corporation,196968
1269,Globex Corporation,866568
1270,Globex Corporation,943538
1271,Globex Corporation,539549
1272,Globex Corporation,130963
1273,Vehement Capital Partners,637251
1274,Soylent Corp,792616
1275,Globex Corporation,918310
1276,The Acme Corporation,827950
1277,Hooli,685414
1278,Hooli,935256
1279,Umbrella Corporation,323254
1280,Hooli,207811
1281,Massive Dynamic,567922
1282,The Acme Corporation,115879
1283,Hooli,13483
1284,Globex Corporation,729586
1285,Globex Corporation,174406
1286,Globex Corporation,99203
1287,Globex Corporation,122186
1288,The Acme Corporation,395199
1289,Globex Corporation,219368
1290,Globex Corporation,238901
1291,Vehement Capital Partners,692303
1292,Globex Corporation,887123
1293,The Acme Corporation,932416
1294,Globex Corporation,887067
1295,Umbrella Corporation,458885
1296,Hooli,97340
1297,Vehement Capital Partners,654357
1298,Globex Corporation,419922
1299,Globex Corporation,716020
1300,Massive Dynamic,168880
1301,Vehement Capital Partners,921000
1302,Globex Corporation,336024
1303,Globex Corporation,495416
1304,Hooli,390281
1305,Globex Corporation,297114
1306,Hooli,806507
1307,Vehement Capital Partners,489218
1308,The Acme Corporation,806818
1309,Umbrella Corporation,191873
1310,Globex Corporation,248062
1311,Umbrella Corporation,809626
1312,Globex Corporation,278859
1313,Umbrella Corporation,869972
1314,Soylent Corp,160800
1315,Umbrella Corporation,165607
1316,The Acme Corporation,516867
1317,Initech,632166
1318,The Acme Corporation,92429
1319,Umbrella Corporation,254592
1320,Globex Corporation,190610
1321,Globex Corporation,306903
1322,Massive Dynamic,730817
1323,Hooli,206423
1324,Vehement Capital Partners,535821
1325,The Acme Corporation,948304
1326,Umbrella Corporation,667416
1327,Globex Corporation,883034
1328,Globex Corporation,421109
1329,Vehement Capital Partners,106921
1330,Umbrella Corporation,652774
1331,Initech,743115
1332,Globex Corporation,647563
1333,Vehement Capital Partners,669649
1334,The Acme Corporation,625999
1335,Globex Corporation,396055
1336,Hooli,689177
1337,Globex Corporation,568632
1338,Initech,203646
1339,Hooli,976697
1340,Globex Corporation,384182
1341,Globex Corporation,800568
1342,Umbrella Corporation,724460
1343,Umbrella Corporation,384691
1344,Umbrella Corporation,986508
1345,Globex Corporation,697229
1346,The Acme Corporation,140027
1347,Globex Corporation,111319
1348,Umbrella Corporation,834388
1349,The Acme Corporation,612842
1350,Vehement Capital Partners,835758
1351,Globex Corporation,719650
1352,Umbrella Corporation,882357
1353,Umbrella Corporation,597576
1354,Globex Corporation,420643
1355,Soylent Corp,493328
1356,Globex Corporation,367823
1357,Massive Dynamic,566138
1358,Soylent Corp,631114
1359,Globex Corporation,536789
1360,Vehement Capital Partners,896010
1361,Vehement Capital Partners,331832
1362,Vehement Capital Partners,787538
1363,Globex Corporation,916521
1364,Soylent Corp,916801
1365,The Acme Corporation,166088
1366,Vehement Capital Partners,707693
1367,The Acme Corporation,511560
1368,The Acme Corporation,685344
1369,Globex Corporation,328282
1370,Globex Corporation,246702
1371,Umbrella Corporation,436779
1372,The Acme Corporation,197294
1373,Umbrella Corporation,554706
1374,Ozzie Mandrill Enterprise,214700
1375,The Acme Corporation,204032
1376,Massive Dynamic,811415
1377,Vehement Capital Partners,536991
1378,The Acme Corporation,862862
1379,Hooli,91784
1380,Globex Corporation,16018
1381,Globex Corporation,636865
1382,Globex Corporation,581656
1383,Globex Corporation,375854
1384,Globex Corporation,261987
1385,The Acme Corporation,627683
1386,Globex Corporation,771016
1387,Umbrella Corporation,648978
1388,Umbrella Corporation,433595
1389,Globex Corporation,528268
1390,Globex Corporation,559943
1391,Globex Corporation,909111
1392,Hooli,722309
1393,Globex Corporation,699253
1394,Umbrella Corporation,723094
1395,Umbrella Corporation,889484
1396,The Acme Corporation,942248
1397,Hooli,808653
1398,Globex Corporation,450736
1399,The Acme Corporation,979279
1400,The Acme Corporation,927339
1401,Soylent Corp,172084
1402,Globex Corporation,958730
1403,Vehement Capital Partners,691018
1404,Globex Corporation,267389
1405,Globex Corporation,174832
1406,Umbrella Corporation,304933
1407,The Acme Corporation,47519
1408,Globex Corporation,365515
1409,Umbrella Corporation,873073
1410,Soylent Corp,20791
1411,Umbrella Corporation,760959
1412,Globex Corporation,322732
1413,Umbrella Corporation,128595
1414,Globex Corporation,927191
1415,Globex Corporation,904893
1416,Globex Corporation,570786
1417,Vehement Capital Partners,565888
1418,Globex Corporation,576079
1419,Globex Corporation,213426
1420,Hooli,281586
1421,Hooli,112984
1422,Umbrella Corporation,121425
1423,Soylent Corp,133467
1424,Massive Dynamic,683533
1425,Vehement Capital Partners,307615
1426,Vehement Capital Partners,785382
1427,Vehement Capital Partners,641064
1428,The Acme Corporation,66451
1429,Umbrella Corporation,546251
1430,Umbrella Corporation,813244
1431,Umbrella Corporation,517407
1432,The Acme Corporation,164384
1433,Umbrella Corporation,653153
1434,Umbrella Corporation,85160
1435,Umbrella Corporation,357636
1436,The Acme Corporation,951676
1437,Hooli,648369
1438,The Acme Corporation,640534
1439,Hooli,120721
1440,Globex Corporation,747527
1441,The Acme Corporation,258365
1442,Vehement Capital Partners,976034
1443,Umbrella Corporation,922219
1444,Vehement Capital Partners,792316
1445,Umbrella Corporation,364901
1446,Globex Corporation,48186
1447,Umbrella Corporation,35798
1448,The Acme Corporation,166352
1449,Vehement Capital Partners,123383
1450,Soylent Corp,59260
1451,Globex Corporation,479857
1452,The Acme Corporation,655534
1453,Globex Corporation,242939
1454,Hooli,218956
1455,Hooli,920409
1456,The Acme Corporation,505535
1457,Vehement Capital Partners,439273
1458,Globex Corporation,366683
1459,The Acme Corporation,405637
1460,The Acme Corporation,308853
1461,Ozzie Mandrill Enterprise,392896
1462,Hooli,590015
1463,Globex Corporation,130946
1464,The Acme Corporation,775974
1465,Globex Corporation,338023
1466,Umbrella Corporation,538438
1467,Vehement Capital Partners,807803
1468,Hooli,437560
1469,Massive Dynamic,682382
1470,Vehement Capital Partners,361317
1471,Vehement Capital Partners,46249
1472,Globex Corporation,814686
1473,Globex Corporation,600081
1474,Umbrella Corporation,588626
1475,Globex Corporation,640309
1476,The Acme Corporation,919348
1477,Umbrella Corporation,26525
1478,Hooli,152011
1479,Globex Corporation,237484
1480,Globex Corporation,106703
1481,The Acme Corporation,940862
1482,Umbrella Corporation,462455
1483,Umbrella Corporation,199942
1484,Globex Corporation,263976
1485,The Acme Corporation,581460
1486,Initech,712015
1487,The Acme Corporation,330337
1488,Umbrella Corporation,120678
1489,Soylent Corp,543378
1490,Soylent Corp,94680
1491,The Acme Corporation,444755
1492,The Acme Corporation,495484
1493,The Acme Corporation,555029
1494,Umbrella Corporation,272809
1495,Massive Dynamic,996858
1496,Globex Corporation,781040
1497,Globex Corporation,596081
1498,The Acme Corporation,422902
1499,Massive Dynamic,36292
1500,Ozzie Mandrill Enterprise,449418
1501,Globex Corporation,605570
1502,Globex Corporation,715276
1503,The Acme Corporation,150131
1504,Globex Corporation,742886
1505,Globex Corporation,300658
1506,Vehement Capital Partners,312777
1507,Soylent Corp,991105
1508,Umbrella Corporation,43890
1509,Soylent Corp,46744
1510,Vehement Capital Partners,205216
1511,Umbrella Corporation,921343
1512,Umbrella Corporation,996356
1513,Globex Corporation,557885
1514,Globex Corporation,753482
1515,Umbrella Corporation,86989
1516,Umbrella Corporation,303339
1517,The Acme Corporation,634294
1518,Umbrella Corporation,578862
1519,Soylent Corp,931871
1520,The Acme Corporation,216946
1521,Globex Corporation,757073
1522,Umbrella Corporation,819042
1523,Umbrella Corporation,469324
1524,The Acme Corporation,797795
1525,Umbrella Corporation,169908
1526,The Acme Corporation,192152
1527,Massive Dynamic,356450
1528,The Acme Corporation,585405
1529,Hooli,70769
1530,Globex Corporation,481607
1531,Umbrella Corporation,226385
1532,Hooli,640973
1533,The Acme Corporation,382234
1534,The Acme Corporation,115239
1535,Hooli,777461
1536,Umbrella Corporation,427087
1537,The Acme Corporation,985980
1538,Umbrella Corporation,5274
1539,Hooli,198415
1540,Soylent Corp,633464
1541,The Acme Corporation,550170
1542,Umbrella Corporation,488100
1543,Hooli,657561
1544,Soylent Corp,616214
1545,Hooli,904005
1546,Hooli,741475
1547,Vehement Capital Partners,252320
1548,The Acme Corporation,326937
1549,Globex Corporation,761697
1550,Umbrella Corporation,375637
1551,Globex Corporation,111862
1552,Globex Corporation,723015
1553,Soylent Corp,106470
1554,Vehement Capital Partners,757006
1555,The Acme Corporation,244478
1556,Globex Corporation,915555
1557,Globex Corporation,571783
1558,Umbrella Corporation,842597
1559,Globex Corporation,837751
1560,Vehement Capital Partners,834824
1561,Globex Corporation,175337
1562,Vehement Capital Partners,863217
1563,Hooli,672710
1564,Soylent Corp,49723
1565,Soylent Corp,147196
1566,Massive Dynamic,13861
1567,Vehement Capital Partners,710499
1568,Soylent Corp,85092
1569,Globex Corporation,116253
1570,Vehement Capital Partners,646900
1571,Globex Corporation,551891
1572,The Acme Corporation,493240
1573,Massive Dynamic,106755
1574,Umbrella Corporation,737116
1575,Vehement Capital Partners,88873
1576,Umbrella Corporation,424066
1577,Vehement Capital Partners,841874
1578,Umbrella Corporation,308716
1579,Umbrella Corporation,432069
1580,Soylent Corp,128431
1581,Globex Corporation,9834
1582,Globex Corporation,99899
1583,The Acme Corporation,951645
1584,Vehement Capital Partners,820226
1585,Hooli,983683
1586,Globex Corporation,416197
1587,Initech,465560
1588,Umbrella Corporation,627392
1589,Initech,525787
1590,Vehement Capital Partners,280065
1591,The Acme Corporation,288250
1592,Umbrella Corporation,973710
1593,Vehement Capital Partners,124302
1594,Ozzie Mandrill Enterprise,683184
1595,Vehement Capital Partners,334929
1596,Hooli,719023
1597,Vehement Capital Partners,970999
1598,Hooli,826127
1599,Globex Corporation,125394
1600,Globex Corporation,201104
1601,Umbrella Corporation,813494
1602,Hooli,268086
1603,Umbrella Corporation,55121
1604,Globex Corporation,617464
1605,Umbrella Corporation,614649
1606,Vehement Capital Partners,936782
1607,Hooli,104713
1608,Globex Corporation,852837
1609,Globex Corporation,587703
1610,Globex Corporation,726238
1611,Umbrella Corporation,351608
1612,Umbrella Corporation,715744
1613,Initech,728079
1614,Initech,898671
1615,Umbrella Corporation,371182
1616,Globex Corporation,474072
1617,Umbrella Corporation,161903
1618,Vehement Capital Partners,120333
1619,Massive Dynamic,560520
1620,The Acme Corporation,357880
1621,Massive Dynamic,801938
1622,Massive Dynamic,816434
1623,Vehement Capital Partners,790424
1624,Vehement Capital Partners,453630
1625,Hooli,858167
1626,Globex Corporation,571663
1627,Initech,293446
1628,Hooli,728625
1629,Vehement Capital Partners,599430
1630,Globex Corporation,618509
1631,Globex Corporation,770903
1632,Umbrella Corporation,549843
1633,Vehement Capital Partners,177549
1634,Globex Corporation,274617
1635,Vehement Capital Partners,423581
1636,Umbrella Corporation,898533
1637,Hooli,716100
1638,The Acme Corporation,853830
1639,Hooli,228202
1640,Hooli,711799
1641,Globex Corporation,319658
1642,Globex Corporation,376032
1643,Vehement Capital Partners,710290
1644,Globex Corporation,493868
1645,Umbrella Corporation,313460
1646,The Acme Corporation,908110
1647,Vehement Capital Partners,426582
1648,Massive Dynamic,518894
1649,Vehement Capital Partners,843132
1650,The Acme Corporation,985389
1651,Hooli,50044
1652,Globex Corporation,666079
1653,Globex Corporation,535446
1654,Umbrella Corporation,259781
1655,The Acme Corporation,187447
1656,Umbrella Corporation,684284
1657,Hooli,449341
1658,Globex Corporation,43
1659,Globex Corporation,171469
1660,Globex Corporation,174405
1661,The Acme Corporation,593603
1662,Initech,672188
1663,Globex Corporation,295492
1664,Hooli,897518
1665,Initech,400915
1666,Hooli,23320
1667,Soylent Corp,746472
1668,Globex Corporation,151584
1669,Globex Corporation,921755
1670,Hooli,385842
1671,Globex Corporation,693562
1672,Soylent Corp,271930
1673,Umbrella Corporation,94129
1674,The Acme Corporation,6406
1675,Vehement Capital Partners,586501
1676,The Acme Corporation,273443
1677,Globex Corporation,994382
1678,Vehement Capital Partners,341908
1679,Globex Corporation,166839
1680,Initech,470494
1681,Globex Corporation,790173
1682,Hooli,391222
1683,Globex Corporation,229502
1684,Umbrella Corporation,469119
1685,Hooli,179958
1686,Globex Corporation,777714
1687,The Acme Corporation,24053
1688,Globex Corporation,109044
1689,Soylent Corp,208243
1690,Umbrella Corporation,211251
1691,Massive Dynamic,941046
1692,Globex Corporation,619394
1693,Umbrella Corporation,492804
1694,Ozzie Mandrill Enterprise,881917
1695,Globex Corporation,802554
1696,The Acme Corporation,696256
1697,Hooli,552464
1698,Hooli,764986
1699,The Acme Corporation,44100
1700,The Acme Corporation,364687
1701,Umbrella Corporation,450085
1702,Globex Corporation,326236
1703,Umbrella Corporation,309254
1704,Umbrella Corporation,855332
1705,Hooli,602444
1706,Umbrella Corporation,535660
1707,Globex Corporation,356209
1708,Globex Corporation,418168
1709,Umbrella Corporation,221886
1710,The Acme Corporation,719513
1711,Umbrella Corporation,617748
1712,Globex Corporation,362158
1713,Umbrella Corporation,325692
1714,Globex Corporation,949059
1715,The Acme Corporation,985080
1716,Globex Corporation,765427
1717,Vehement Capital Partners,381845
1718,Ozzie Mandrill Enterprise,285883
1719,The Acme Corporation,201183
1720,Globex Corporation,770483
1721,Globex Corporation,16218
1722,Vehement Capital Partners,651189
1723,Globex Corporation,722138
1724,Globex Corporation,110758
1725,Hooli,151485
1726,Globex Corporation,484723
1727,Globex Corporation,903530
1728,The Acme Corporation,335055
1729,Globex Corporation,577447
1730,Umbrella Corporation,221675
1731,Hooli,939699
1732,Globex Corporation,131553
1733,Globex Corporation,165344
1734,Umbrella Corporation,696839
1735,Globex Corporation,131003
1736,Globex Corporation,464361
1737,The Acme Corporation,614452
1738,Globex Corporation,446121
1739,Globex Corporation,91360
1740,Hooli,669935
1741,Umbrella Corporation,528316
1742,Umbrella Corporation,619726
1743,Umbrella Corporation,514218
1744,Vehement Capital Partners,713874
1745,Globex Corporation,386411
1746,Globex Corporation,808582
1747,Hooli,89216
1748,Globex Corporation,923341
1749,Massive Dynamic,697811
1750,The Acme Corporation,266621
1751,Soylent Corp,470645
1752,Globex Corporation,662007
1753,Vehement Capital Partners,345302
1754,Soylent Corp,650859
1755,Globex Corporation,847563
1756,Hooli,335817
1757,Umbrella Corporation,273359
1758,Hooli,743645
1759,The Acme Corporation,528440
1760,Vehement Capital Partners,10267
1761,Vehement Capital Partners,961581
1762,Globex Corporation,183953
1763,Umbrella Corporation,191860
1764,Umbrella Corporation,907982
1765,Umbrella Corporation,787377
1766,Initech,313727
1767,Massive Dynamic,867488
1768,Hooli,774342
1769,The Acme Corporation,946712
1770,Vehement Capital Partners,303195
1771,Soylent Corp,985148
1772,Initech,146030
1773,Vehement Capital Partners,704678
1774,Soylent Corp,67453
1775,Massive Dynamic,593735
1776,Umbrella Corporation,104128
1777,Vehement Capital Partners,975013
1778,Hooli,634082
1779,Initech,776571
1780,Vehement Capital Partners,670778
1781,Globex Corporation,465788
1782,Globex Corporation,38942
1783,The Acme Corporation,348705
1784,Soylent Corp,643210
1785,Umbrella Corporation,187418
1786,Vehement Capital Partners,915904
1787,Globex Corporation,483971
1788,The Acme Corporation,435948
1789,Vehement Capital Partners,22205
1790,Globex Corporation,635534
1791,Hooli,367019
1792,Globex Corporation,966334
1793,Umbrella Corporation,869952
1794,The Acme Corporation,659764
1795,Globex Corporation,942380
1796,Hooli,35271
1797,Vehement Capital Partners,979628
1798,Umbrella Corporation,797262
1799,Initech,255215
1800,Globex Corporation,628907
1801,Umbrella Corporation,563661
1802,Hooli,291751
1803,Globex Corporation,318394
1804,Hooli,978705
1805,The Acme Corporation,498314
1806,Soylent Corp,539092
1807,Umbrella Corporation,626983
1808,Hooli,149525
1809,Umbrella Corporation,21429
1810,Massive Dynamic,657470
1811,Globex Corporation,752749
1812,Globex Corporation,152177
1813,Hooli,215158
1814,Umbrella Corporation,478482
1815,Vehement Capital Partners,314233
1816,Initech,179763
1817,Globex Corporation,38931
1818,Globex Corporation,92289
1819,Globex Corporation,187143
1820,Globex Corporation,84410
1821,Umbrella Corporation,638328
1822,Umbrella Corporation,934613
1823,The Acme Corporation,539654
1824,Vehement Capital Partners,546380
1825,Globex Corporation,393331
1826,Globex Corporation,402955
1827,Globex Corporation,535640
1828,Globex Corporation,860127
1829,Massive Dynamic,531735
1830,Hooli,518002
1831,Umbrella Corporation,116058
1832,Hooli,916427
1833,Globex Corporation,203472
1834,Globex Corporation,634651
1835,Globex Corporation,45933
1836,Umbrella Corporation,505215
1837,Hooli,191692
1838,The Acme Corporation,314546
1839,Umbrella Corporation,565109
1840,The Acme Corporation,336829
1841,Vehement Capital Partners,117907
1842,Umbrella Corporation,972169
1843,Umbrella Corporation,66499
1844,Globex Corporation,600429
1845,Soylent Corp,570319
1846,Vehement Capital Partners,508598
1847,Globex Corporation,741520
1848,Vehement Capital Partners,215767
1849,Soylent Corp,534726
1850,Massive Dynamic,664594
1851,Globex Corporation,551021
1852,The Acme Corporation,510309
1853,Umbrella Corporation,904523
1854,Hooli,86011
1855,Soylent Corp,127382
1856,Hooli,812321
1857,The Acme Corporation,69052
1858,Hooli,992642
1859,Globex Corporation,309838
1860,Soylent Corp,63273
1861,Massive Dynamic,588931
1862,Globex Corporation,854990
1863,Vehement Capital Partners,992340
1864,Globex Corporation,572152
1865,Massive Dynamic,177463
1866,Globex Corporation,303732
1867,Umbrella Corporation,705426
1868,Globex Corporation,440160
1869,Hooli,989445
1870,Globex Corporation,431909
1871,Vehement Capital Partners,780008
1872,Hooli,189868
1873,Umbrella Corporation,58781
1874,Massive Dynamic,777449
1875,Massive Dynamic,532822
1876,Umbrella Corporation,19330
1877,Massive Dynamic,959238
1878,Globex Corporation,202535
1879,Globex Corporation,220077
1880,Vehement Capital Partners,142741
1881,Initech,962199
1882,The Acme Corporation,325376
1883,Umbrella Corporation,73841
1884,Umbrella Corporation,331468
1885,Globex Corporation,765964
1886,The Acme Corporation,38184
1887,Vehement Capital Partners,786954
1888,Vehement Capital Partners,840589
1889,Hooli,52955
1890,Globex Corporation,253471
1891,Globex Corporation,163431
1892,Ozzie Mandrill Enterprise,400008
1893,Initech,230001
1894,Umbrella Corporation,881661
1895,Globex Corporation,373947
1896,Soylent Corp,689144
1897,Umbrella Corporation,11713
1898,Globex Corporation,642875
1899,The Acme Corporation,886043
1900,Hooli,309252
1901,Umbrella Corporation,533964
1902,Soylent Corp,68796
1903,Globex Corporation,752559
1904,Vehement Capital Partners,704893
1905,Hooli,618781
1906,Umbrella Corporation,845266
1907,Globex Corporation,892458
1908,Globex Corporation,680329
1909,Hooli,667855
1910,Globex Corporation,840711
1911,Umbrella Corporation,343269
1912,Hooli,548833
1913,Globex Corporation,909028
1914,Umbrella Corporation,426609
1915,The Acme Corporation,586684
1916,Globex Corporation,328391
1917,Vehement Capital Partners,107860
1918,Umbrella Corporation,297119
1919,The Acme Corporation,316280
1920,Hooli,26949
1921,The Acme Corporation,872691
1922,The Acme Corporation,98091
1923,Globex Corporation,49971
1924,Globex Corporation,203666
1925,Umbrella Corporation,755464
1926,The Acme Corporation,748468
1927,The Acme Corporation,573769
1928,Vehement Capital Partners,575524
1929,Umbrella Corporation,646450
1930,Soylent Corp,443458
1931,Globex Corporation,645903
1932,Vehement Capital Partners,356660
1933,Umbrella Corporation,591785
1934,Ozzie Mandrill Enterprise,26055
1935,Hooli,177270
1936,Massive Dynamic,623093
1937,Globex Corporation,884780
1938,Soylent Corp,359851
1939,Globex Corporation,917295
1940,Globex Corporation,12063
1941,Globex Corporation,387784
1942,The Acme Corporation,440020
1943,The Acme Corporation,176921
1944,Soylent Corp,581956
1945,Massive Dynamic,931982
1946,Vehement Capital Partners,593485
1947,Hooli,655197
1948,Hooli,310903
1949,Hooli,472044
1950,Hooli,84294
1951,Soylent Corp,416125
1952,Hooli,762452
1953,Umbrella Corporation,738714
1954,Umbrella Corporation,155970
1955,Umbrella Corporation,492015
1956,Globex Corporation,796068
1957,Soylent Corp,222236
1958,Vehement Capital Partners,841740
1959,Umbrella Corporation,280859
1960,The Acme Corporation,539275
1961,Umbrella Corporation,76969
1962,Initech,456437
1963,The Acme Corporation,495190
1964,Umbrella Corporation,539821
1965,Hooli,829005
1966,Globex Corporation,694044
1967,Umbrella Corporation,958925
1968,Umbrella Corporation,239724
1969,Soylent Corp,489749
1970,Hooli,557203
1971,Massive Dynamic,460836
1972,Globex Corporation,714389
1973,Initech,555214
1974,Umbrella Corporation,519831
1975,Globex Corporation,107960
1976,The Acme Corporation,626298
1977,Umbrella Corporation,987099
1978,Massive Dynamic,504885
1979,The Acme Corporation,584245
1980,Globex Corporation,310491
1981,Globex Corporation,833636
1982,Massive Dynamic,617815
1983,Vehement Capital Partners,224083
1984,Hooli,901655
1985,Globex Corporation,422198
1986,Vehement Capital Partners,694492
1987,The Acme Corporation,276789
1988,Massive Dynamic,695019
1989,The Acme Corporation,502889
1990,Globex Corporation,241962
1991,Globex Corporation,46770
1992,Soylent Corp,755238
1993,Globex Corporation,567303
